{
  "feature_cols": [
    "ret_5d",
    "ret_20d",
    "ret_60d",
    "vol_20d",
    "max_dd_60d",
    "beta",
    "volume_ratio",
    "peer_rel_20d",
    "regime",
    "vix_level",
    "dxy_ret_5d",
    "bench_ret_5d"
  ],
  "coef": [
    0.002394509134566555,
    -0.026778730853274466,
    -0.001904455734304326,
    0.0005040965936033956,
    -0.01753442001766993,
    -0.33310177398983587,
    0.1142614034182653,
    0.03435035511940817,
    -0.0058750158403386215,
    0.0,
    0.0,
    0.0
  ],
  "intercept": -0.001499503581350814,
  "trained_on_target_date": "2026-03-16",
  "n_samples": 3364
}