{
  "feature_cols": [
    "ret_5d",
    "ret_20d",
    "ret_60d",
    "vol_20d",
    "max_dd_60d",
    "beta",
    "volume_ratio",
    "peer_rel_20d",
    "regime",
    "vix_level",
    "dxy_ret_5d",
    "bench_ret_5d"
  ],
  "coef": [
    0.009078692490743983,
    -0.03803222540982832,
    0.0016261884366680236,
    -0.003922389524948838,
    -0.014035340619668872,
    -0.11721089295286802,
    0.26005352522400066,
    0.03574748728412204,
    0.17534566111372396,
    0.0,
    0.0,
    0.0
  ],
  "intercept": -0.01921488094696744,
  "trained_on_target_date": "2026-03-16",
  "n_samples": 3431
}