{
  "feature_cols": [
    "ret_5d",
    "ret_20d",
    "ret_60d",
    "vol_20d",
    "max_dd_60d",
    "beta",
    "volume_ratio",
    "peer_rel_20d",
    "regime",
    "vix_level",
    "dxy_ret_5d",
    "bench_ret_5d"
  ],
  "coef": [
    0.0023945019946234694,
    -0.02677872458465904,
    -0.0019044520242260275,
    0.0005040985331868116,
    -0.017534412896617932,
    -0.33310195045159485,
    0.11426158536822274,
    0.03435035330896086,
    -0.0058750096838271594,
    0.0,
    0.0,
    0.0
  ],
  "intercept": -0.0014995418977016006,
  "trained_on_target_date": "2026-03-16",
  "n_samples": 3364
}